AccelerateNetwork,lAccelerateNetworkx3.com
AccelerateNetwork,tAccelerateNetwork5b.com
AccelerateNetwork,oAccelerateNetworkv4.com
AccelerateNetwork,cAccelerateNetwork5d.com
AccelerateNetwork,iAccelerateNetworkf6.com
AccelerateNetwork,bAccelerateNetwork9h.com
AccelerateNetwork,mAccelerateNetworkv6.com
AccelerateNetwork,uAccelerateNetwork2f.com
AccelerateNetwork,gAccelerateNetworko1.com
AccelerateNetwork,yAccelerateNetwork6e.com
AccelerateNetwork,xAccelerateNetworkk7.com
AccelerateNetwork,wAccelerateNetwork1j.com
AccelerateNetwork,yAccelerateNetworka2.com
AccelerateNetwork,yAccelerateNetwork7y.com
AccessSender,aAccessSenderq2.com
AccessSender,tAccessSenderv4.com
AccessSender,bAccessSenderi3.com
AccessSender,sAccessSendero8.com
AccessSender,cAccessSenderw4.com
AccessSender,hAccessSendery8.com
AccessSender,kAccessSenderd5.com
AccessSender,nAccessSender6o.com
AccessSender,gAccessSender1w.com
AccessSender,jAccessSender7y.com
AccessSender,mAccessSender6d.com
AccessSender,eAccessSender4f.com
AccessSender,zAccessSender2u.com
AccessSender,xAccessSender7p.com
AdvantageCampaign,cAdvantageCampaign3w.com
AdvantageCampaign,dAdvantageCampaignp2.com
AdvantageCampaign,sAdvantageCampaign5a.com
AdvantageCampaign,aAdvantageCampaigng9.com
AdvantageCampaign,jAdvantageCampaign3h.com
AdvantageCampaign,aAdvantageCampaignr5.com
AdvantageCampaign,xAdvantageCampaign5f.com
AdvantageCampaign,mAdvantageCampaignm9.com
AdvantageCampaign,hAdvantageCampaign1m.com
AdvantageCampaign,dAdvantageCampaigno1.com
AdvantageCampaign,yAdvantageCampaign9p.com
AdvantageCampaign,vAdvantageCampaignz6.com
AdvantageCampaign,iAdvantageCampaign1l.com
AdvantageCampaign,rAdvantageCampaigny1.com
AdviceSender,dAdviceSenderh8.com
AdviceSender,qAdviceSenderc3.com
AdviceSender,oAdviceSenderu6.com
AdviceSender,vAdviceSenderg3.com
AdviceSender,bAdviceSenderj2.com
AdviceSender,yAdviceSenderl5.com
AdviceSender,xAdviceSenderi2.com
AdviceSender,tAdviceSender5l.com
AdviceSender,sAdviceSender4i.com
AdviceSender,fAdviceSender6e.com
AdviceSender,zAdviceSender7n.com
AdviceSender,aAdviceSender1w.com
AdviceSender,kAdviceSender7m.com
AnalyzeServices,cAnalyzeServicesk1.com
AnalyzeServices,iAnalyzeServices3t.com
AnalyzeServices,fAnalyzeServicesx9.com
AnalyzeServices,vAnalyzeServices2d.com
AnalyzeServices,cAnalyzeServicesv1.com
AnalyzeServices,uAnalyzeServices3j.com
AnalyzeServices,oAnalyzeServicesp4.com
AnalyzeServices,qAnalyzeServices1m.com
AnalyzeServices,wAnalyzeServicesa2.com
AnalyzeServices,wAnalyzeServices1t.com
AnalyzeServices,pAnalyzeServicesz3.com
AnalyzeServices,uAnalyzeServices6c.com
AnalyzeServices,mAnalyzeServicess2.com
AnalyzeServices,lAnalyzeServices7f.com
AscensionDomain,mAscensionDomainf2.com
AscensionDomain,bAscensionDomain8r.com
AscensionDomain,lAscensionDomainz4.com
AscensionDomain,oAscensionDomain7b.com
AscensionDomain,zAscensionDomainy6.com
AscensionDomain,zAscensionDomainb3.com
AscensionDomain,mAscensionDomain3j.com
AscensionDomain,kAscensionDomainv1.com
AscensionDomain,kAscensionDomain3t.com
AscensionDomain,xAscensionDomainw3.com
AscensionDomain,wAscensionDomain1w.com
AscensionDomain,uAscensionDomainc9.com
AscensionDomain,aAscensionDomain6a.com
AscensionDomain,qAscensionDomainc9.com
AvianVision,pAvianVisionj2.com
AvianVision,gAvianVision3q.com
AvianVision,aAvianVisionn3.com
AvianVision,fAvianVision5q.com
AvianVision,uAvianVisionj5.com
AvianVision,rAvianVision2k.com
AvianVision,qAvianVisionl4.com
AvianVision,nAvianVision3s.com
AvianVision,uAvianVisioni9.com
AvianVision,jAvianVision9m.com
AvianVision,aAvianVisionb7.com
AvianVision,yAvianVision5s.com
AvianVision,zAvianVisioni4.com
AvianVision,sAvianVision8v.com
BeyondAction,bBeyondAction1n.com
BeyondAction,nBeyondActiony2.com
BeyondAction,xBeyondAction8l.com
BeyondAction,rBeyondActions8.com
BeyondAction,vBeyondAction6p.com
BeyondAction,zBeyondActiong7.com
BeyondAction,jBeyondAction5z.com
BeyondAction,mBeyondActionb8.com
BeyondAction,gBeyondAction7c.com
BeyondAction,dBeyondActionj7.com
BeyondAction,dBeyondActionh4.com
BeyondAction,vBeyondAction2s.com
BeyondAction,bBeyondActionz2.com
BeyondAction,dBeyondAction9t.com
BlazeCampaign,wBlazeCampaign1o.com
BlazeCampaign,xBlazeCampaignr3.com
BlazeCampaign,qBlazeCampaign6t.com
BlazeCampaign,sBlazeCampaignh4.com
BlazeCampaign,nBlazeCampaign3x.com
BlazeCampaign,rBlazeCampaignn5.com
BlazeCampaign,zBlazeCampaign7p.com
BlazeCampaign,jBlazeCampaignn3.com
BlazeCampaign,rBlazeCampaign9e.com
BlazeCampaign,jBlazeCampaigng9.com
BlazeCampaign,dBlazeCampaign1y.com
BlazeCampaign,iBlazeCampaigno8.com
BlazeCampaign,zBlazeCampaign8s.com
BlazeCampaign,jBlazeCampaignx3.com
Blazenow,uBlazenowf7.com
Blazenow,nBlazenow5d.com
Blazenow,pBlazenowi7.com
Blazenow,uBlazenow8z.com
Blazenow,kBlazenowm3.com
Blazenow,xBlazenow2c.com
Blazenow,hBlazenowa6.com
Blazenow,wBlazenow3p.com
Blazenow,fBlazenowf8.com
Blazenow,nBlazenow5d.com
Blazenow,yBlazenowi9.com
Blazenow,nBlazenow1r.com
Blazenow,bBlazenowm3.com
Blazenow,gBlazenow4o.com
BlazeService,bBlazeService7i.com
BlazeService,uBlazeServicen7.com
BlazeService,zBlazeService5w.com
BlazeService,pBlazeServicel3.com
BlazeService,tBlazeService8s.com
BlazeService,hBlazeServicef6.com
BlazeService,iBlazeService3d.com
BlazeService,aBlazeServicef5.com
BlazeService,eBlazeService2r.com
BlazeService,wBlazeServiceo5.com
BlazeService,kBlazeServicey8.com
BlazeService,lBlazeService6o.com
BlazeService,gBlazeServicel7.com
BlazeService,eBlazeService1i.com
CanyonAccess,jCanyonAccess4o.com
CanyonAccess,aCanyonAccessw2.com
CanyonAccess,aCanyonAccess9y.com
CanyonAccess,bCanyonAccessp5.com
CanyonAccess,lCanyonAccess9m.com
CanyonAccess,bCanyonAccessn5.com
CanyonAccess,tCanyonAccess6c.com
CanyonAccess,jCanyonAccessl6.com
CanyonAccess,gCanyonAccess9o.com
CanyonAccess,uCanyonAccessi5.com
CanyonAccess,eCanyonAccessr6.com
CanyonAccess,yCanyonAccess8l.com
CanyonAccess,hCanyonAccessw3.com
CanyonAccess,yCanyonAccess9o.com
CanyonMailing,wCanyonMailingk7.com
CanyonMailing,fCanyonMailing5d.com
CanyonMailing,qCanyonMailingm6.com
CanyonMailing,sCanyonMailing5a.com
CanyonMailing,yCanyonMailingv2.com
CanyonMailing,cCanyonMailingm4.com
CanyonMailing,tCanyonMailing8f.com
CanyonMailing,rCanyonMailingf1.com
CanyonMailing,vCanyonMailing4m.com
CanyonMailing,aCanyonMailingo3.com
CanyonMailing,wCanyonMailing4d.com
CanyonMailing,tCanyonMailingl7.com
CanyonMailing,tCanyonMailing9h.com
CanyonMailing,uCanyonMailinge1.com
CanyonSender,eCanyonSenderl8.com
CanyonSender,rCanyonSenderj5.com
CanyonSender,nCanyonSenderi4.com
CanyonSender,oCanyonSendery3.com
CanyonSender,mCanyonSenderx2.com
CanyonSender,qCanyonSenderc5.com
CanyonSender,bCanyonSenderf2.com
CanyonSender,pCanyonSender4t.com
CanyonSender,sCanyonSender6g.com
CanyonSender,wCanyonSender3v.com
CanyonSender,kCanyonSender1h.com
CanyonSender,uCanyonSender7d.com
CanyonSender,aCanyonSender8y.com
CanyonSender,zCanyonSender6z.com
CircuitInternet,nCircuitInternetk2.com
CircuitInternet,iCircuitInternetn6.com
CircuitInternet,mCircuitInternetk3.com
CircuitInternet,rCircuitInternetc5.com
CircuitInternet,pCircuitInternetf7.com
CircuitInternet,rCircuitInternet8i.com
CircuitInternet,nCircuitInternetr7.com
CircuitInternet,yCircuitInternet2s.com
CircuitInternet,yCircuitInternetq8.com
CircuitInternet,yCircuitInternet1j.com
CircuitInternet,aCircuitInterneti8.com
CircuitInternet,yCircuitInternet5q.com
CircuitInternet,hCircuitInternetz7.com
CircuitInternet,bCircuitInternet9o.com
ComfortCrowd,sComfortCrowd1z.com
ComfortCrowd,kComfortCrowdd6.com
ComfortCrowd,aComfortCrowd8m.com
ComfortCrowd,dComfortCrowdz9.com
ComfortCrowd,xComfortCrowd6u.com
ComfortCrowd,sComfortCrowdk8.com
ComfortCrowd,hComfortCrowd1a.com
ComfortCrowd,yComfortCrowdl7.com
ComfortCrowd,uComfortCrowd2h.com
ComfortCrowd,cComfortCrowdv6.com
ComfortCrowd,mComfortCrowd1k.com
ComfortCrowd,tComfortCrowdw7.com
ComfortCrowd,cComfortCrowd8h.com
ComfortCrowd,iComfortCrowdn8.com
ComfortInternet,pComfortInternetk8.com
ComfortInternet,tComfortInternetg4.com
ComfortInternet,vComfortInternetd2.com
ComfortInternet,hComfortInterneti3.com
ComfortInternet,mComfortInternetq5.com
ComfortInternet,xComfortInternetn4.com
ComfortInternet,wComfortInternetl2.com
ComfortInternet,uComfortInternet5i.com
ComfortInternet,sComfortInternet7q.com
ComfortInternet,zComfortInternet3n.com
ComfortInternet,cComfortInternet4l.com
ComfortInternet,yComfortInternet8b.com
ComfortInternet,eComfortInternet6f.com
ComfortInternet,oComfortInternet7j.com
ComponentConnect,zComponentConnect4b.com
ComponentConnect,mComponentConnectc4.com
ComponentConnect,vComponentConnect3l.com
ComponentConnect,aComponentConnectm5.com
ComponentConnect,bComponentConnect1e.com
ComponentConnect,rComponentConnectd9.com
ComponentConnect,aComponentConnect6c.com
ComponentConnect,kComponentConnectd9.com
ComponentConnect,lComponentConnect3c.com
ComponentConnect,zComponentConnectf7.com
ComponentConnect,eComponentConnect2q.com
ComponentConnect,zComponentConnectz3.com
ComponentConnect,oComponentConnect7u.com
ComponentConnect,vComponentConnectp9.com
ConnectionSender,aConnectionSenderp7.com
ConnectionSender,yConnectionSenderl3.com
ConnectionSender,sConnectionSenderx5.com
ConnectionSender,uConnectionSendert2.com
ConnectionSender,zConnectionSendern6.com
ConnectionSender,oConnectionSenderw5.com
ConnectionSender,bConnectionSenderf8.com
ConnectionSender,vConnectionSender1w.com
ConnectionSender,cConnectionSender8f.com
ConnectionSender,eConnectionSender2m.com
ConnectionSender,gConnectionSender6j.com
ConnectionSender,iConnectionSender4r.com
ConnectionSender,dConnectionSender4k.com
ConnectionSender,qConnectionSender7h.com
ConnectorDirect,lConnectorDirectc2.com
ConnectorDirect,wConnectorDirectr6.com
ConnectorDirect,pConnectorDirectv4.com
ConnectorDirect,uConnectorDirecto8.com
ConnectorDirect,qConnectorDirecta3.com
ConnectorDirect,zConnectorDirectx1.com
ConnectorDirect,yConnectorDirectf7.com
ConnectorDirect,kConnectorDirect5o.com
ConnectorDirect,hConnectorDirect2a.com
ConnectorDirect,dConnectorDirect3x.com
ConnectorDirect,mConnectorDirect8f.com
ConnectorDirect,eConnectorDirect4t.com
ConnectorDirect,bConnectorDirect6i.com
ConnectorDirect,sConnectorDirect4n.com
ConnectWizard,dConnectWizardp3.com
ConnectWizard,jConnectWizard9x.com
ConnectWizard,tConnectWizardq4.com
ConnectWizard,dConnectWizard9x.com
ConnectWizard,wConnectWizardk6.com
ConnectWizard,xConnectWizardb5.com
ConnectWizard,cConnectWizard5q.com
ConnectWizard,vConnectWizardk1.com
ConnectWizard,bConnectWizard7w.com
ConnectWizard,bConnectWizardc4.com
ConnectWizard,nConnectWizard9v.com
ConnectWizard,sConnectWizardz2.com
ConnectWizard,pConnectWizard7m.com
ConnectWizard,qConnectWizardj5.com
CustomCampaign,aCustomCampaign3z.com
CustomCampaign,wCustomCampaignl8.com
CustomCampaign,hCustomCampaign5k.com
CustomCampaign,jCustomCampaignj4.com
CustomCampaign,pCustomCampaign4a.com
CustomCampaign,kCustomCampaigno7.com
CustomCampaign,cCustomCampaign5s.com
CustomCampaign,cCustomCampaignu3.com
CustomCampaign,aCustomCampaign7l.com
CustomCampaign,rCustomCampaignx5.com
CustomCampaign,kCustomCampaign2x.com
CustomCampaign,zCustomCampaignt7.com
CustomCampaign,fCustomCampaign1o.com
CustomCampaign,bCustomCampaignc4.com
CustomerSender,cCustomerSenderz7.com
CustomerSender,oCustomerSenderu5.com
CustomerSender,tCustomerSenderi8.com
CustomerSender,aCustomerSendern2.com
CustomerSender,sCustomerSenderx7.com
CustomerSender,yCustomerSenderm4.com
CustomerSender,gCustomerSenderh3.com
CustomerSender,rCustomerSender2n.com
CustomerSender,lCustomerSender1x.com
CustomerSender,vCustomerSender8m.com
CustomerSender,eCustomerSender4h.com
CustomerSender,kCustomerSender6q.com
CustomerSender,jCustomerSender6p.com
CustomerSender,fCustomerSender3w.com
DailyLane,rDailyLanee2.com
DailyLane,zDailyLane5s.com
DailyLane,lDailyLaneu6.com
DailyLane,rDailyLane8p.com
DailyLane,wDailyLanem4.com
DailyLane,gDailyLane4f.com
DailyLane,sDailyLaneg8.com
DailyLane,uDailyLane6k.com
DailyLane,jDailyLanek6.com
DailyLane,oDailyLane5w.com
DailyLane,lDailyLaney2.com
DailyLane,iDailyLane2c.com
DailyLane,vDailyLaneu5.com
DailyLane,nDailyLane3b.com
DailySilver,yDailySilverg7.com
DailySilver,hDailySilverh3.com
DailySilver,fDailySilverj5.com
DailySilver,eDailySilverg4.com
DailySilver,wDailySilverh1.com
DailySilver,cDailySilverf5.com
DailySilver,kDailySilverp2.com
DailySilver,jDailySilver6s.com
DailySilver,bDailySilver4w.com
DailySilver,iDailySilver3d.com
DailySilver,cDailySilver2z.com
DailySilver,aDailySilver8x.com
DailySilver,gDailySilver9c.com
DailySilver,oDailySilver1q.com
Days,nDaysr7.com
Days,mDays8t.com
Days,tDaysk1.com
Days,gDays9a.com
Days,vDaysf9.com
Days,wDays5i.com
Days,xDaysr8.com
Days,bDays8y.com
Days,tDaysg5.com
Days,yDays8w.com
Days,qDaysi4.com
Days,iDays7r.com
Days,cDaysn5.com
Days,bDays6o.com
DealJetline,zDealJetline2d.com
DealJetline,gDealJetliner6.com
DealJetline,eDealJetline9m.com
DealJetline,wDealJetlined4.com
DealJetline,jDealJetline5j.com
DealJetline,tDealJetlinep7.com
DealJetline,aDealJetline8t.com
DealJetline,hDealJetlineu8.com
DealJetline,gDealJetline8o.com
DealJetline,gDealJetlinel1.com
DealJetline,sDealJetline4q.com
DealJetline,zDealJetlinec4.com
DealJetline,vDealJetline9a.com
DealJetline,fDealJetlinec4.com
DeliveryMailing,sDeliveryMailingl2.com
DeliveryMailing,jDeliveryMailingz7.com
DeliveryMailing,oDeliveryMailingm3.com
DeliveryMailing,pDeliveryMailingb5.com
DeliveryMailing,rDeliveryMailingf1.com
DeliveryMailing,iDeliveryMailingk6.com
DeliveryMailing,hDeliveryMailingu9.com
DeliveryMailing,eDeliveryMailing4k.com
DeliveryMailing,vDeliveryMailing7u.com
DeliveryMailing,cDeliveryMailing3a.com
DeliveryMailing,yDeliveryMailing8q.com
DeliveryMailing,wDeliveryMailing8g.com
DeliveryMailing,dDeliveryMailing1x.com
DeliveryMailing,tDeliveryMailing5n.com
DeluxeMailer,iDeluxeMailerf2.com
DeluxeMailer,nDeluxeMailere6.com
DeluxeMailer,vDeluxeMailerd6.com
DeluxeMailer,pDeluxeMailerz2.com
DeluxeMailer,hDeluxeMailers4.com
DeluxeMailer,lDeluxeMailerm7.com
DeluxeMailer,tDeluxeMailero5.com
DeluxeMailer,xDeluxeMailer3z.com
DeluxeMailer,rDeluxeMailer7s.com
DeluxeMailer,uDeluxeMailer8m.com
DeluxeMailer,jDeluxeMailer3o.com
DeluxeMailer,cDeluxeMailer8q.com
DeluxeMailer,kDeluxeMailer1a.com
DeluxeMailer,bDeluxeMailer4y.com
DolphinNetwork,sDolphinNetworky6.com
DolphinNetwork,vDolphinNetworkq2.com
DolphinNetwork,aDolphinNetworko7.com
DolphinNetwork,hDolphinNetworkb8.com
DolphinNetwork,eDolphinNetworkw1.com
DolphinNetwork,uDolphinNetworkl5.com
DolphinNetwork,cDolphinNetworkf7.com
DolphinNetwork,tDolphinNetwork6b.com
DolphinNetwork,jDolphinNetwork4w.com
DolphinNetwork,mDolphinNetwork4l.com
DolphinNetwork,dDolphinNetwork3f.com
DolphinNetwork,gDolphinNetwork2i.com
DolphinNetwork,kDolphinNetwork3z.com
DolphinNetwork,nDolphinNetwork5r.com
DomainMassive,cDomainMassive2x.com
DomainMassive,qDomainMassived8.com
DomainMassive,nDomainMassive1u.com
DomainMassive,dDomainMassiveu5.com
DomainMassive,fDomainMassive9x.com
DomainMassive,mDomainMassivec3.com
DomainMassive,iDomainMassive1m.com
DomainMassive,bDomainMassivev5.com
DomainMassive,yDomainMassive3m.com
DomainMassive,bDomainMassiveh5.com
DomainMassive,zDomainMassive1q.com
DomainMassive,wDomainMassiveb3.com
DomainMassive,yDomainMassive4m.com
DomainMassive,cDomainMassivem7.com
ElectronNetwork,kElectronNetworkj6.com
ElectronNetwork,wElectronNetwork3x.com
ElectronNetwork,oElectronNetworkb4.com
ElectronNetwork,yElectronNetwork4u.com
ElectronNetwork,gElectronNetworkj4.com
ElectronNetwork,jElectronNetwork8y.com
ElectronNetwork,oElectronNetworkt7.com
ElectronNetwork,lElectronNetwork7n.com
ElectronNetwork,uElectronNetworkd7.com
ElectronNetwork,lElectronNetwork1e.com
ElectronNetwork,rElectronNetworkh1.com
ElectronNetwork,eElectronNetwork6s.com
ElectronNetwork,xElectronNetworkc8.com
ElectronNetwork,zElectronNetwork3g.com
EmergeDomain,jEmergeDomain4p.com
EmergeDomain,aEmergeDomainv4.com
EmergeDomain,cEmergeDomain7l.com
EmergeDomain,lEmergeDomainh8.com
EmergeDomain,dEmergeDomain3k.com
EmergeDomain,jEmergeDomains1.com
EmergeDomain,xEmergeDomain4p.com
EmergeDomain,qEmergeDomainq2.com
EmergeDomain,rEmergeDomain7c.com
EmergeDomain,bEmergeDomaing1.com
EmergeDomain,eEmergeDomainc8.com
EmergeDomain,jEmergeDomain8i.com
EmergeDomain,pEmergeDomainn4.com
EmergeDomain,jEmergeDomain4z.com
EmpireMails,uEmpireMails5g.com
EmpireMails,rEmpireMailsv1.com
EmpireMails,oEmpireMails6h.com
EmpireMails,tEmpireMailsp3.com
EmpireMails,cEmpireMails4n.com
EmpireMails,nEmpireMailsh8.com
EmpireMails,iEmpireMails4q.com
EmpireMails,tEmpireMailsc6.com
EmpireMails,vEmpireMails7c.com
EmpireMails,nEmpireMailse1.com
EmpireMails,rEmpireMails6r.com
EmpireMails,pEmpireMailsy2.com
EmpireMails,dEmpireMails5f.com
EmpireMails,eEmpireMailsq5.com
EvolveService,hEvolveServicep3.com
EvolveService,jEvolveService9a.com
EvolveService,zEvolveServicej4.com
EvolveService,dEvolveService1h.com
EvolveService,yEvolveServices6.com
EvolveService,cEvolveServicea2.com
EvolveService,xEvolveService2w.com
EvolveService,qEvolveServicee1.com
EvolveService,pEvolveService8x.com
EvolveService,gEvolveServiceg8.com
EvolveService,sEvolveService4e.com
EvolveService,zEvolveServicer8.com
EvolveService,dEvolveService7o.com
EvolveService,jEvolveServicea4.com
ExpressDeluxe,bExpressDeluxek6.com
ExpressDeluxe,uExpressDeluxeh4.com
ExpressDeluxe,qExpressDeluxej6.com
ExpressDeluxe,sExpressDeluxem8.com
ExpressDeluxe,lExpressDeluxez7.com
ExpressDeluxe,wExpressDeluxei5.com
ExpressDeluxe,eExpressDeluxey3.com
ExpressDeluxe,pExpressDeluxe4x.com
ExpressDeluxe,aExpressDeluxe1g.com
ExpressDeluxe,dExpressDeluxe3r.com
ExpressDeluxe,nExpressDeluxe7v.com
ExpressDeluxe,tExpressDeluxe4o.com
ExpressDeluxe,fExpressDeluxe5j.com
ExpressDeluxe,cExpressDeluxe2d.com
FrameFinity,eFrameFinityg9.com
FrameFinity,wFrameFinity4z.com
FrameFinity,sFrameFinitys2.com
FrameFinity,kFrameFinity7i.com
FrameFinity,kFrameFinityi5.com
FrameFinity,vFrameFinity4r.com
FrameFinity,fFrameFinityi2.com
FrameFinity,bFrameFinity1z.com
FrameFinity,yFrameFinityg3.com
FrameFinity,kFrameFinity4n.com
FrameFinity,kFrameFinityt3.com
FrameFinity,cFrameFinity3d.com
FrameFinity,dFrameFinityn3.com
FrameFinity,pFrameFinity4i.com
FuturesDrive,iFuturesDrive8g.com
FuturesDrive,gFuturesDrivel3.com
FuturesDrive,qFuturesDrive6c.com
FuturesDrive,cFuturesDrivee5.com
FuturesDrive,lFuturesDrive4z.com
FuturesDrive,fFuturesDriver5.com
FuturesDrive,kFuturesDrive7t.com
FuturesDrive,dFuturesDrivev7.com
FuturesDrive,qFuturesDrive8g.com
FuturesDrive,cFuturesDrivej3.com
FuturesDrive,kFuturesDrive6r.com
FuturesDrive,jFuturesDrivec8.com
FuturesDrive,tFuturesDrive9u.com
FuturesDrive,uFuturesDrivev4.com
GainNetworks,nGainNetworksz7.com
GainNetworks,vGainNetworks1t.com
GainNetworks,sGainNetworksr7.com
GainNetworks,vGainNetworks2u.com
GainNetworks,tGainNetworksx7.com
GainNetworks,rGainNetworks5f.com
GainNetworks,zGainNetworksr9.com
GainNetworks,kGainNetworks1t.com
GainNetworks,qGainNetworksq2.com
GainNetworks,xGainNetworks7y.com
GainNetworks,xGainNetworksd9.com
GainNetworks,yGainNetworks3k.com
GainNetworks,zGainNetworksx5.com
GainNetworks,rGainNetworks3c.com
GenerationCentral,gGenerationCentralr3.com
GenerationCentral,xGenerationCentrall6.com
GenerationCentral,zGenerationCentralj7.com
GenerationCentral,pGenerationCentralf2.com
GenerationCentral,oGenerationCentraly8.com
GenerationCentral,kGenerationCentralw7.com
GenerationCentral,eGenerationCentralb2.com
GenerationCentral,vGenerationCentral6f.com
GenerationCentral,aGenerationCentral5y.com
GenerationCentral,sGenerationCentral4w.com
GenerationCentral,tGenerationCentral8b.com
GenerationCentral,hGenerationCentral1n.com
GenerationCentral,uGenerationCentral4i.com
GenerationCentral,cGenerationCentral5d.com
GenerationWays,aGenerationWayse3.com
GenerationWays,mGenerationWaysg2.com
GenerationWays,vGenerationWaysw1.com
GenerationWays,qGenerationWaysn6.com
GenerationWays,fGenerationWaysu7.com
GenerationWays,iGenerationWaysj8.com
GenerationWays,oGenerationWaysk2.com
GenerationWays,rGenerationWays4n.com
GenerationWays,sGenerationWays5u.com
GenerationWays,yGenerationWays3j.com
GenerationWays,dGenerationWays4k.com
GenerationWays,zGenerationWays6l.com
GenerationWays,bGenerationWays8h.com
GenerationWays,xGenerationWays4c.com
GoalsInfo,yGoalsInfon9.com
GoalsInfo,xGoalsInfo9g.com
GoalsInfo,tGoalsInfob9.com
GoalsInfo,cGoalsInfo9l.com
GoalsInfo,wGoalsInfoo7.com
GoalsInfo,aGoalsInfo4f.com
GoalsInfo,pGoalsInfoc9.com
GoalsInfo,lGoalsInfo9t.com
GoalsInfo,uGoalsInfon4.com
GoalsInfo,zGoalsInfo3m.com
GoalsInfo,dGoalsInfov8.com
GoalsInfo,yGoalsInfo9m.com
GoalsInfo,gGoalsInfoy6.com
GoalsInfo,nGoalsInfo4w.com
GoalsInfo,oGoals8n.com
GoalsInfo,eGoalsd7.com
GoalsInfo,bGoals6z.com
GoalsInfo,fGoalsk2.com
GoalsInfo,jGoals7g.com
GoalsInfo,aGoalsr7.com
GoalsInfo,hGoals6s.com
GoalsInfo,bGoals4.com
GoalsInfo,hGoals4p.com
GoalsInfo,iGoalsj3.com
GoalsInfo,kGoals1p.com
GoalsInfo,kGoals1p.com
GoalsInfo,kGoals1p.com
GoalsInfo,kGoals1p.com
GoalsVendor,gGoalsVendor1k.com
GoalsVendor,wGoalsVendora3.com
GoalsVendor,xGoalsVendor3k.com
GoalsVendor,sGoalsVendorl3.com
GoalsVendor,yGoalsVendor4n.com
GoalsVendor,gGoalsVendorq1.com
GoalsVendor,rGoalsVendor7h.com
GoalsVendor,bGoalsVendort9.com
GoalsVendor,gGoalsVendor2i.com
GoalsVendor,pGoalsVendorl3.com
GoalsVendor,pGoalsVendor6a.com
GoalsVendor,gGoalsVendori6.com
GoalsVendor,iGoalsVendor2n.com
GoalsVendor,eGoalsVendory3.com
HeliosPro,eHeliosProu8.com
HeliosPro,mHeliosProc7.com
HeliosPro,nHeliosProd2.com
HeliosPro,zHeliosProb1.com
HeliosPro,iHeliosProj5.com
HeliosPro,lHeliosProt6.com
HeliosPro,qHeliosPros5.com
HeliosPro,gHeliosPro8b.com
HeliosPro,kHeliosPro2j.com
HeliosPro,rHeliosPro6t.com
HeliosPro,pHeliosPro4s.com
HeliosPro,fHeliosPro4y.com
HeliosPro,oHeliosPro3a.com
HeliosPro,hHeliosPro4w.com
HeliosSource,wHeliosSourceq9.com
HeliosSource,oHeliosSource2p.com
HeliosSource,vHeliosSourcey8.com
HeliosSource,iHeliosSource9h.com
HeliosSource,wHeliosSourceu9.com
HeliosSource,cHeliosSource2i.com
HeliosSource,nHeliosSourcef8.com
HeliosSource,uHeliosSource5q.com
HeliosSource,qHeliosSourcef2.com
HeliosSource,bHeliosSource1s.com
HeliosSource,cHeliosSourceb6.com
HeliosSource,kHeliosSource3a.com
HeliosSource,vHeliosSourcey3.com
HeliosSource,iHeliosSource4z.com
HelpPartnership,wHelpPartnership8n.com
HelpPartnership,rHelpPartnershipu6.com
HelpPartnership,pHelpPartnership6o.com
HelpPartnership,dHelpPartnershiph8.com
HelpPartnership,hHelpPartnership2o.com
HelpPartnership,jHelpPartnershipu5.com
HelpPartnership,jHelpPartnership6b.com
HelpPartnership,eHelpPartnershipm6.com
HelpPartnership,vHelpPartnership8c.com
HelpPartnership,sHelpPartnershipw1.com
HelpPartnership,zHelpPartnership5s.com
HelpPartnership,zHelpPartnershipe1.com
HelpPartnership,jHelpPartnership4e.com
HelpPartnership,kHelpPartnershipa4.com
HelpStrategy,dHelpStrategy9b.com
HelpStrategy,vHelpStrategyr2.com
HelpStrategy,rHelpStrategy9f.com
HelpStrategy,sHelpStrategyg1.com
HelpStrategy,qHelpStrategy8s.com
HelpStrategy,sHelpStrategyj3.com
HelpStrategy,pHelpStrategy8f.com
HelpStrategy,hHelpStrategym4.com
HelpStrategy,aHelpStrategy8m.com
HelpStrategy,eHelpStrategyx4.com
HelpStrategy,lHelpStrategy2i.com
HelpStrategy,mHelpStrategyo8.com
HelpStrategy,gHelpStrategy2m.com
HelpStrategy,qHelpStrategyg1.com
Horizon2U,wHorizon2Uy8.com
Horizon2U,fHorizon2U8s.com
Horizon2U,mHorizon2Uo9.com
Horizon2U,lHorizon2U5p.com
Horizon2U,eHorizon2Ut5.com
Horizon2U,qHorizon2Uh5.com
Horizon2U,sHorizon2U4d.com
Horizon2U,fHorizon2Ug7.com
Horizon2U,mHorizon2U2x.com
Horizon2U,tHorizon2Uz4.com
Horizon2U,zHorizon2U3u.com
Horizon2U,aHorizon2Uu6.com
Horizon2U,jHorizon2U2r.com
Horizon2U,pHorizon2Uv4.com
Horizon2U,hHorizon2U5b.com
HorizonGates,zHorizonGates5a.com
HorizonGates,bHorizonGatesq4.com
HorizonGates,iHorizonGates1k.com
HorizonGates,vHorizonGatesw3.com
HorizonGates,uHorizonGates8p.com
HorizonGates,vHorizonGatesm1.com
HorizonGates,mHorizonGates3k.com
HorizonGates,tHorizonGatess1.com
HorizonGates,tHorizonGates7x.com
HorizonGates,nHorizonGatesu7.com
HorizonGates,cHorizonGates9h.com
HorizonGates,aHorizonGatesl6.com
HorizonGates,xHorizonGates8h.com
HorizonGates,qHorizonGatesu7.com
InteractiveSender,vInteractiveSenderg7.com
InteractiveSender,fInteractiveSenders5.com
InteractiveSender,nInteractiveSendera3.com
InteractiveSender,bInteractiveSenderp2.com
InteractiveSender,oInteractiveSenderx4.com
InteractiveSender,eInteractiveSenderh1.com
InteractiveSender,yInteractiveSenderd7.com
InteractiveSender,uInteractiveSender4p.com
InteractiveSender,qInteractiveSender4x.com
InteractiveSender,zInteractiveSender6h.com
InteractiveSender,tInteractiveSender2d.com
InteractiveSender,wInteractiveSender8l.com
InteractiveSender,rInteractiveSender5i.com
InteractiveSender,cInteractiveSender6k.com
JetlineBiz,pJetlineBiz1o.com
JetlineBiz,vJetlineBizj6.com
JetlineBiz,fJetlineBiz8f.com
JetlineBiz,hJetlineBizv3.com
JetlineBiz,rJetlineBiz3b.com
JetlineBiz,yJetlineBizh3.com
JetlineBiz,rJetlineBiz4x.com
JetlineBiz,wJetlineBizp6.com
JetlineBiz,uJetlineBiz5y.com
JetlineBiz,xJetlineBiza9.com
JetlineBiz,lJetlineBizk2.com
JetlineBiz,mJetlineBiz5d.com
JetlineBiz,pJetlineBizg2.com
JetlineBiz,hJetlineBiz2o.com
JunctionPlanet,sJunctionPlanetf4.com
JunctionPlanet,zJunctionPlanetk3.com
JunctionPlanet,mJunctionPlanete2.com
JunctionPlanet,pJunctionPlanetg4.com
JunctionPlanet,tJunctionPlanetb6.com
JunctionPlanet,rJunctionPlanetv5.com
JunctionPlanet,yJunctionPlaneta8.com
JunctionPlanet,oJunctionPlanet7a.com
JunctionPlanet,lJunctionPlanet2w.com
JunctionPlanet,nJunctionPlanet5c.com
JunctionPlanet,xJunctionPlanet3i.com
JunctionPlanet,jJunctionPlanet1d.com
JunctionPlanet,uJunctionPlanet8h.com
JunctionPlanet,fJunctionPlanet4q.com
LanesPioneer,dLanesPioneerv6.com
LanesPioneer,lLanesPioneerr5.com
LanesPioneer,fLanesPioneerj4.com
LanesPioneer,eLanesPioneerw9.com
LanesPioneer,fLanesPioneern6.com
LanesPioneer,jLanesPioneerg9.com
LanesPioneer,vLanesPioneerp4.com
LanesPioneer,eLanesPioneeru6.com
LanesPioneer,uLanesPioneerz2.com
LanesPioneer,yLanesPioneery5.com
LanesPioneer,qLanesPioneer2w.com
LanesPioneer,wLanesPioneer4n.com
LanesPioneer,hLanesPioneer3e.com
LanesPioneer,gLanesPioneer8e.com
LeaderInternet,cLeaderInterneth3.com
LeaderInternet,yLeaderInternetq2.com
LeaderInternet,mLeaderInternetj3.com
LeaderInternet,sLeaderInternetl7.com
LeaderInternet,gLeaderInternetd1.com
LeaderInternet,eLeaderInternetw7.com
LeaderInternet,xLeaderInternetp2.com
LeaderInternet,oLeaderInternet7w.com
LeaderInternet,iLeaderInternet1p.com
LeaderInternet,fLeaderInternet7t.com
LeaderInternet,aLeaderInternet2r.com
LeaderInternet,uLeaderInternet6z.com
LeaderInternet,vLeaderInternet3n.com
LeaderInternet,kLeaderInternet5b.com
MassiveServices,cMassiveServiceso1.com
MassiveServices,nMassiveServicesv3.com
MassiveServices,zMassiveServicesy4.com
MassiveServices,lMassiveServicesx7.com
MassiveServices,rMassiveServicesm5.com
MassiveServices,sMassiveServicesw6.com
MassiveServices,hMassiveServicesf6.com
MassiveServices,aMassiveServices2w.com
MassiveServices,qMassiveServices8f.com
MassiveServices,pMassiveServices4i.com
MassiveServices,kMassiveServices3b.com
MassiveServices,jMassiveServices7e.com
MassiveServices,gMassiveServices4u.com
MassiveServices,dMassiveServices5t.com
MassiveWay,kMassiveWaye9.com
MassiveWay,hMassiveWay8i.com
MassiveWay,fMassiveWayz1.com
MassiveWay,sMassiveWay1h.com
MassiveWay,tMassiveWayu7.com
MassiveWay,eMassiveWayb3.com
MassiveWay,fMassiveWay4c.com
MassiveWay,sMassiveWayd2.com
MassiveWay,iMassiveWay7a.com
MassiveWay,jMassiveWayq9.com
MassiveWay,oMassiveWay7s.com
MassiveWay,oMassiveWayz2.com
MassiveWay,sMassiveWay8i.com
MassiveWay,aMassiveWayv4.com
MediaTriplex,zMediaTriplexc4.com
MediaTriplex,rMediaTriplex3h.com
MediaTriplex,gMediaTriplexh4.com
MediaTriplex,pMediaTriplex1p.com
MediaTriplex,sMediaTriplexc3.com
MediaTriplex,xMediaTriplex4r.com
MediaTriplex,oMediaTriplexz3.com
MediaTriplex,gMediaTriplex1s.com
MediaTriplex,bMediaTriplexz3.com
MediaTriplex,aMediaTriplex6f.com
MediaTriplex,xMediaTriplexy4.com
MediaTriplex,cMediaTriplex7e.com
MediaTriplex,tMediaTriplexu6.com
MediaTriplex,eMediaTriplex2p.com
MelodySource,yMelodySource2h.com
MelodySource,eMelodySourcef8.com
MelodySource,fMelodySource7j.com
MelodySource,oMelodySourcec2.com
MelodySource,iMelodySource8e.com
MelodySource,lMelodySourcex5.com
MelodySource,pMelodySource7g.com
MelodySource,cMelodySourcea5.com
MelodySource,rMelodySource9q.com
MelodySource,yMelodySourcet3.com
MelodySource,kMelodySource7v.com
MelodySource,yMelodySourcee9.com
MelodySource,zMelodySource3a.com
MelodySource,sMelodySourcev7.com
MethodCampaign,jMethodCampaign1l.com
MethodCampaign,dMethodCampaigne5.com
MethodCampaign,pMethodCampaign3f.com
MethodCampaign,iMethodCampaignt6.com
MethodCampaign,eMethodCampaign8c.com
MethodCampaign,oMethodCampaignw7.com
MethodCampaign,dMethodCampaign5i.com
MethodCampaign,tMethodCampaignf6.com
MethodCampaign,hMethodCampaign9m.com
MethodCampaign,fMethodCampaignx2.com
MethodCampaign,fMethodCampaigna7.com
MethodCampaign,dMethodCampaign8n.com
MethodCampaign,hMethodCampaigna4.com
MethodCampaign,fMethodCampaign7b.com
MetroChief,vMetroChiefc3.com
MetroChief,hMetroChief8d.com
MetroChief,jMetroChiefr1.com
MetroChief,nMetroChief1k.com
MetroChief,vMetroChiefu1.com
MetroChief,hMetroChief1u.com
MetroChief,kMetroChieft7.com
MetroChief,nMetroChief1a.com
MetroChief,nMetroChiefg1.com
MetroChief,qMetroChief7p.com
MetroChief,pMetroChieft9.com
MetroChief,tMetroChief6m.com
MetroChief,cMetroChiefo8.com
MetroChief,rMetroChief5t.com
Metropolis4U,vMetropolis4Ug4.com
Metropolis4U,eMetropolis4Uk6.com
Metropolis4U,xMetropolis4Ut3.com
Metropolis4U,pMetropolis4Us5.com
Metropolis4U,dMetropolis4Uw2.com
Metropolis4U,fMetropolis4Uz6.com
Metropolis4U,cMetropolis4Uu1.com
Metropolis4U,yMetropolis4Uj8.com
Metropolis4U,iMetropolis4U5u.com
Metropolis4U,aMetropolis4U2o.com
Metropolis4U,mMetropolis4U6j.com
Metropolis4U,lMetropolis4U1b.com
Metropolis4U,qMetropolis4U2r.com
Metropolis4U,hMetropolis4U4n.com
MileSummit,mMileSummit7l.com
MileSummit,yMileSummitv6.com
MileSummit,uMileSummit8r.com
MileSummit,eMileSummitr9.com
MileSummit,mMileSummit6i.com
MileSummit,sMileSummitu7.com
MileSummit,lMileSummit9e.com
MileSummit,gMileSummitj6.com
MileSummit,bMileSummit6u.com
MileSummit,aMileSummitm1.com
MileSummit,iMileSummit9b.com
MileSummit,gMileSummitx3.com
MileSummit,uMileSummit6n.com
MileSummit,mMileSummiti9.com
MondoUniverse,vMondoUniversea6.com
MondoUniverse,wMondoUniverse1m.com
MondoUniverse,wMondoUniversef4.com
MondoUniverse,jMondoUniverse1u.com
MondoUniverse,mMondoUniversec1.com
MondoUniverse,lMondoUniverseb6.com
MondoUniverse,tMondoUniverse6l.com
MondoUniverse,oMondoUniversel5.com
MondoUniverse,qMondoUniverse4w.com
MondoUniverse,hMondoUniverset4.com
MondoUniverse,bMondoUniverse6t.com
MondoUniverse,aMondoUniversew9.com
MondoUniverse,gMondoUniverse3v.com
MondoUniverse,cMondoUniversex4.com
NetworkEpic,bNetworkEpic5v.com
NetworkEpic,gNetworkEpicf3.com
NetworkEpic,mNetworkEpic8z.com
NetworkEpic,vNetworkEpich8.com
NetworkEpic,xNetworkEpic1p.com
NetworkEpic,wNetworkEpicq1.com
NetworkEpic,hNetworkEpic4n.com
NetworkEpic,tNetworkEpicy8.com
NetworkEpic,lNetworkEpic5q.com
NetworkEpic,hNetworkEpicp2.com
NetworkEpic,qNetworkEpic7w.com
NetworkEpic,qNetworkEpicd4.com
NetworkEpic,qNetworkEpic7s.com
NetworkEpic,kNetworkEpice5.com
NetworkVast,iNetworkVastp1.com
NetworkVast,dNetworkVastg2.com
NetworkVast,pNetworkVastv5.com
NetworkVast,mNetworkVastb7.com
NetworkVast,aNetworkVastc6.com
NetworkVast,tNetworkVastz1.com
NetworkVast,nNetworkVastq7.com
NetworkVast,fNetworkVast3l.com
NetworkVast,vNetworkVast5j.com
NetworkVast,qNetworkVast9d.com
NetworkVast,eNetworkVast6f.com
NetworkVast,sNetworkVast5e.com
NetworkVast,xNetworkVast4o.com
NetworkVast,yNetworkVast8x.com
Oceanic,eOceanic9f.com
Oceanic,uOceanicx6.com
Oceanic,qOceanic5r.com
Oceanic,qOceanicp3.com
Oceanic,eOceanic8p.com
Oceanic,tOceanicv7.com
Oceanic,hOceanic8l.com
Oceanic,mOceanica3.com
Oceanic,vOceanic4w.com
Oceanic,hOceanict4.com
Oceanic,lOceanic1s.com
Oceanic,vOceanict7.com
Oceanic,yOceanic6f.com
Oceanic,tOceanicj1.com
OnlineHelios,lOnlineHeliosn7.com
OnlineHelios,nOnlineHelios3m.com
OnlineHelios,fOnlineHeliosb6.com
OnlineHelios,aOnlineHelios6d.com
OnlineHelios,oOnlineHeliosv9.com
OnlineHelios,cOnlineHeliosn5.com
OnlineHelios,lOnlineHelios1d.com
OnlineHelios,rOnlineHeliosd7.com
OnlineHelios,nOnlineHelios4b.com
OnlineHelios,vOnlineHeliosm2.com
OnlineHelios,bOnlineHelios1w.com
OnlineHelios,cOnlineHelioso8.com
OnlineHelios,eOnlineHelios8f.com
OnlineHelios,eOnlineHeliosu9.com
ParticleNetwork,jParticleNetworkn4.com
ParticleNetwork,eParticleNetworkf4.com
ParticleNetwork,pParticleNetworkg8.com
ParticleNetwork,hParticleNetworko2.com
ParticleNetwork,qParticleNetworka7.com
ParticleNetwork,uParticleNetworkr6.com
ParticleNetwork,zParticleNetworkt6.com
ParticleNetwork,lParticleNetwork1o.com
ParticleNetwork,bParticleNetwork8a.com
ParticleNetwork,iParticleNetwork4r.com
ParticleNetwork,dParticleNetwork2t.com
ParticleNetwork,vParticleNetwork7y.com
ParticleNetwork,cParticleNetwork3k.com
ParticleNetwork,sParticleNetwork3m.com
PathsCentral,jPathsCentrals6.com
PathsCentral,kPathsCentrala7.com
PathsCentral,hPathsCentraln4.com
PathsCentral,zPathsCentralo8.com
PathsCentral,yPathsCentrall5.com
PathsCentral,qPathsCentralm3.com
PathsCentral,pPathsCentralb2.com
PathsCentral,iPathsCentral8o.com
PathsCentral,xPathsCentral1l.com
PathsCentral,fPathsCentral3m.com
PathsCentral,dPathsCentral4b.com
PathsCentral,tPathsCentral6g.com
PathsCentral,vPathsCentral7w.com
PathsCentral,ePathsCentral5u.com
PathsVision,lPathsVisionn9.com
PathsVision,jPathsVision5g.com
PathsVision,kPathsVisiond9.com
PathsVision,dPathsVision8h.com
PathsVision,dPathsVisione7.com
PathsVision,ePathsVision5z.com
PathsVision,oPathsVisionm3.com
PathsVision,dPathsVision2z.com
PathsVision,pPathsVisiong7.com
PathsVision,xPathsVision8i.com
PathsVision,kPathsVisionv8.com
PathsVision,bPathsVision3l.com
PathsVision,tPathsVisionn3.com
PathsVision,dPathsVision6h.com
PerformanceDeluxe,sPerformanceDeluxe6w.com
PerformanceDeluxe,oPerformanceDeluxep3.com
PerformanceDeluxe,cPerformanceDeluxe5u.com
PerformanceDeluxe,gPerformanceDeluxel2.com
PerformanceDeluxe,oPerformanceDeluxe6j.com
PerformanceDeluxe,jPerformanceDeluxex1.com
PerformanceDeluxe,dPerformanceDeluxe4b.com
PerformanceDeluxe,hPerformanceDeluxej7.com
PerformanceDeluxe,ePerformanceDeluxe9j.com
PerformanceDeluxe,oPerformanceDeluxeb6.com
PerformanceDeluxe,wPerformanceDeluxe5w.com
PerformanceDeluxe,mPerformanceDeluxet7.com
PerformanceDeluxe,pPerformanceDeluxe5b.com
PerformanceDeluxe,hPerformanceDeluxeb2.com
PhalanxServices,dPhalanxServices3p.com
PhalanxServices,nPhalanxServiceso1.com
PhalanxServices,ePhalanxServices9v.com
PhalanxServices,mPhalanxServicesh2.com
PhalanxServices,gPhalanxServices4v.com
PhalanxServices,xPhalanxServicesz2.com
PhalanxServices,fPhalanxServices1g.com
PhalanxServices,zPhalanxServicesk2.com
PhalanxServices,rPhalanxServices2g.com
PhalanxServices,uPhalanxServicesu4.com
PhalanxServices,lPhalanxServicesx1.com
PhalanxServices,wPhalanxServices1l.com
PhalanxServices,fPhalanxServicesd9.com
PhalanxServices,cPhalanxServices9q.com
PioneerMailing,oPioneerMailingk8.com
PioneerMailing,dPioneerMailingz6.com
PioneerMailing,lPioneerMailingb3.com
PioneerMailing,ePioneerMailingx2.com
PioneerMailing,wPioneerMailingn8.com
PioneerMailing,vPioneerMailings1.com
PioneerMailing,jPioneerMailingt3.com
PioneerMailing,cPioneerMailing3s.com
PioneerMailing,qPioneerMailing2t.com
PioneerMailing,hPioneerMailing8g.com
PioneerMailing,uPioneerMailing1r.com
PioneerMailing,aPioneerMailing3m.com
PioneerMailing,iPioneerMailing5p.com
PioneerMailing,fPioneerMailing5y.com
PlaceEverywhere,cPlaceEverywheref8.com
PlaceEverywhere,ePlaceEverywhere3w.com
PlaceEverywhere,sPlaceEverywhereu9.com
PlaceEverywhere,lPlaceEverywhere2x.com
PlaceEverywhere,bPlaceEverywherez1.com
PlaceEverywhere,gPlaceEverywherek9.com
PlaceEverywhere,mPlaceEverywhere6a.com
PlaceEverywhere,gPlaceEverywherer6.com
PlaceEverywhere,lPlaceEverywhere5d.com
PlaceEverywhere,iPlaceEverywherez6.com
PlaceEverywhere,fPlaceEverywhere1s.com
PlaceEverywhere,tPlaceEverywherej5.com
PlaceEverywhere,iPlaceEverywhere9c.com
PlaceEverywhere,uPlaceEverywherev9.com
PlanSilver,iPlanSilver8e.com
PlanSilver,dPlanSilverk9.com
PlanSilver,yPlanSilver5x.com
PlanSilver,fPlanSilvera2.com
PlanSilver,iPlanSilver9w.com
PlanSilver,iPlanSilverg6.com
PlanSilver,sPlanSilver2u.com
PlanSilver,nPlanSilverk7.com
PlanSilver,uPlanSilver1l.com
PlanSilver,cPlanSilveri8.com
PlanSilver,lPlanSilvers4.com
PlanSilver,aPlanSilver3w.com
PlanSilver,pPlanSilverv8.com
PlanSilver,mPlanSilver6a.com
PlazaMailing,wPlazaMailingz2.com
PlazaMailing,gPlazaMailingc2.com
PlazaMailing,xPlazaMailings7.com
PlazaMailing,fPlazaMailingu8.com
PlazaMailing,qPlazaMailingi1.com
PlazaMailing,aPlazaMailinge4.com
PlazaMailing,kPlazaMailingl3.com
PlazaMailing,yPlazaMailing6u.com
PlazaMailing,vPlazaMailing4i.com
PlazaMailing,nPlazaMailing3e.com
PlazaMailing,oPlazaMailing5l.com
PlazaMailing,rPlazaMailing8p.com
PlazaMailing,mPlazaMailing6h.com
PlazaMailing,jPlazaMailing7b.com
PointsMedia,uPointsMediay2.com
PointsMedia,ePointsMediax6.com
PointsMedia,fPointsMediac7.com
PointsMedia,tPointsMediad2.com
PointsMedia,kPointsMediao4.com
PointsMedia,bPointsMediaq3.com
PointsMedia,mPointsMediav8.com
PointsMedia,hPointsMedia8d.com
PointsMedia,pPointsMedia4o.com
PointsMedia,gPointsMedia3q.com
PointsMedia,rPointsMedia1v.com
PointsMedia,wPointsMedia6s.com
PointsMedia,lPointsMedia4z.com
PointsMedia,aPointsMedia5n.com
ProgressInternet,bProgressInternetp8.com
ProgressInternet,uProgressInternet1u.com
ProgressInternet,mProgressInternetj1.com
ProgressInternet,sProgressInternet4s.com
ProgressInternet,jProgressInternetm4.com
ProgressInternet,qProgressInterneth8.com
ProgressInternet,jProgressInternet5h.com
ProgressInternet,kProgressInternetr9.com
ProgressInternet,jProgressInternet3r.com
ProgressInternet,kProgressInternetj2.com
ProgressInternet,oProgressInternet7y.com
ProgressInternet,yProgressInternetn5.com
ProgressInternet,iProgressInternet4y.com
ProgressInternet,yProgressInternetn7.com
Pursuit4U,nPursuit4Um7.com
Pursuit4U,aPursuit4Uv2.com
Pursuit4U,xPursuit4Ur3.com
Pursuit4U,wPursuit4Uj7.com
Pursuit4U,bPursuit4Uf6.com
Pursuit4U,cPursuit4Ud5.com
Pursuit4U,ePursuit4Uo1.com
Pursuit4U,lPursuit4U3d.com
Pursuit4U,sPursuit4U5g.com
Pursuit4U,qPursuit4U9h.com
Pursuit4U,tPursuit4U6y.com
Pursuit4U,uPursuit4U5k.com
Pursuit4U,pPursuit4U4o.com
Pursuit4U,iPursuit4U8z.com
PursuitFind,cPursuitFindu6.com
PursuitFind,mPursuitFind2m.com
PursuitFind,wPursuitFindt7.com
PursuitFind,ePursuitFind2o.com
PursuitFind,hPursuitFindx3.com
PursuitFind,nPursuitFind4s.com
PursuitFind,rPursuitFindv9.com
PursuitFind,mPursuitFind8l.com
PursuitFind,kPursuitFindk7.com
PursuitFind,zPursuitFind6l.com
PursuitFind,yPursuitFindq6.com
PursuitFind,sPursuitFind8w.com
PursuitFind,nPursuitFindx8.com
PursuitFind,iPursuitFind5m.com
PursuitPoint,mPursuitPoint3s.com
PursuitPoint,kPursuitPointi7.com
PursuitPoint,wPursuitPoint7q.com
PursuitPoint,lPursuitPointr2.com
PursuitPoint,tPursuitPoint2t.com
PursuitPoint,zPursuitPointt2.com
PursuitPoint,bPursuitPoint7e.com
PursuitPoint,nPursuitPoints5.com
PursuitPoint,zPursuitPoint1u.com
PursuitPoint,lPursuitPointe1.com
PursuitPoint,vPursuitPoint5f.com
PursuitPoint,pPursuitPointd7.com
PursuitPoint,ePursuitPoint9v.com
PursuitPoint,ePursuitPointv5.com
PursuitWorks,zPursuitWorksc7.com
PursuitWorks,dPursuitWorkss5.com
PursuitWorks,qPursuitWorksn9.com
PursuitWorks,pPursuitWorksb6.com
PursuitWorks,vPursuitWorksi3.com
PursuitWorks,wPursuitWorksj3.com
PursuitWorks,fPursuitWorksk4.com
PursuitWorks,tPursuitWorks8g.com
PursuitWorks,hPursuitWorks5u.com
PursuitWorks,ePursuitWorks1y.com
PursuitWorks,oPursuitWorks6l.com
PursuitWorks,xPursuitWorks1m.com
PursuitWorks,aPursuitWorks7h.com
PursuitWorks,rPursuitWorks5q.com
QueryChief,iQueryChiefg4.com
QueryChief,dQueryChiefr8.com
QueryChief,pQueryChiefb9.com
QueryChief,mQueryChiefz5.com
QueryChief,aQueryChiefl4.com
QueryChief,tQueryChiefj2.com
QueryChief,nQueryChiefu7.com
QueryChief,fQueryChief1b.com
QueryChief,vQueryChief8a.com
QueryChief,qQueryChief5h.com
QueryChief,eQueryChief6w.com
QueryChief,sQueryChief2c.com
QueryChief,xQueryChief3o.com
QueryChief,yQueryChief4k.com
QueryMedia,fQueryMedia3o.com
QueryMedia,iQueryMediac3.com
QueryMedia,vQueryMedia4a.com
QueryMedia,vQueryMediar1.com
QueryMedia,pQueryMedia6k.com
QueryMedia,lQueryMediau2.com
QueryMedia,fQueryMedia8x.com
QueryMedia,zQueryMediaz8.com
QueryMedia,oQueryMedia5y.com
QueryMedia,mQueryMediak8.com
QueryMedia,lQueryMedia1d.com
QueryMedia,nQueryMediat5.com
QueryMedia,eQueryMedia4n.com
QueryMedia,oQueryMediaq5.com
QuicknessMedia,fQuicknessMediac4.com
QuicknessMedia,aQuicknessMediaj4.com
QuicknessMedia,gQuicknessMedian8.com
QuicknessMedia,kQuicknessMediae6.com
QuicknessMedia,xQuicknessMediaw8.com
QuicknessMedia,lQuicknessMediar7.com
QuicknessMedia,yQuicknessMediah7.com
QuicknessMedia,bQuicknessMedia1e.com
QuicknessMedia,tQuicknessMedia5w.com
QuicknessMedia,qQuicknessMedia3r.com
QuicknessMedia,iQuicknessMedia6h.com
QuicknessMedia,vQuicknessMedia2m.com
QuicknessMedia,zQuicknessMedia3s.com
QuicknessMedia,oQuicknessMedia5p.com
RangeInternet,tRangeInternetr6.com
RangeInternet,gRangeInternetc4.com
RangeInternet,nRangeInternetd7.com
RangeInternet,mRangeInternete5.com
RangeInternet,zRangeInternetu4.com
RangeInternet,hRangeInternetw8.com
RangeInternet,lRangeInternets3.com
RangeInternet,yRangeInternetj3.com
RangeInternet,kRangeInternet4g.com
RangeInternet,xRangeInternet7n.com
RangeInternet,vRangeInternet5m.com
RangeInternet,bRangeInternet4z.com
RangeInternet,qRangeInternet8h.com
RangeInternet,pRangeInternet3l.com
SavvyFrontier,iSavvyFrontier3i.com
SavvyFrontier,lSavvyFrontierg5.com
SavvyFrontier,sSavvyFrontier8x.com
SavvyFrontier,hSavvyFrontiern9.com
SavvyFrontier,qSavvyFrontier2o.com
SavvyFrontier,ySavvyFrontierl3.com
SavvyFrontier,mSavvyFrontier6j.com
SavvyFrontier,tSavvyFrontiers5.com
SavvyFrontier,cSavvyFrontier6j.com
SavvyFrontier,hSavvyFrontierl4.com
SavvyFrontier,oSavvyFrontier3i.com
SavvyFrontier,fSavvyFrontierl4.com
SavvyFrontier,nSavvyFrontier3y.com
SavvyFrontier,uSavvyFrontierw7.com
SectorPlanet,lSectorPlaneti7.com
SectorPlanet,gSectorPlanety2.com
SectorPlanet,aSectorPlanetd8.com
SectorPlanet,kSectorPlanetj3.com
SectorPlanet,vSectorPlanetp6.com
SectorPlanet,mSectorPlanetu1.com
SectorPlanet,sSectorPlanetc6.com
SectorPlanet,wSectorPlanet4o.com
SectorPlanet,eSectorPlanet3z.com
SectorPlanet,tSectorPlanet4f.com
SectorPlanet,bSectorPlanet5r.com
SectorPlanet,qSectorPlanet7n.com
SectorPlanet,iSectorPlanet2x.com
SectorPlanet,ySectorPlanet8h.com
SelectSender,qSelectSenderz6.com
SelectSender,oSelectSenderu2.com
SelectSender,hSelectSenderf4.com
SelectSender,xSelectSenderb4.com
SelectSender,jSelectSenderm3.com
SelectSender,sSelectSendert1.com
SelectSender,dSelectSenderv3.com
SelectSender,gSelectSender5t.com
SelectSender,aSelectSender4v.com
SelectSender,rSelectSender7l.com
SelectSender,iSelectSender6y.com
SelectSender,cSelectSender2e.com
SelectSender,pSelectSender5n.com
SelectSender,kSelectSender8w.com
SignalFocus,lSignalFocus2w.com
SignalFocus,qSignalFocusf6.com
SignalFocus,xSignalFocus5a.com
SignalFocus,sSignalFocusj9.com
SignalFocus,aSignalFocus2s.com
SignalFocus,pSignalFocusr2.com
SignalFocus,gSignalFocus1j.com
SignalFocus,uSignalFocusw4.com
SignalFocus,vSignalFocus5i.com
SignalFocus,xSignalFocusa1.com
SignalFocus,oSignalFocus1i.com
SignalFocus,hSignalFocusy6.com
SignalFocus,fSignalFocus4u.com
SignalFocus,jSignalFocusv2.com
SignalProgress,wSignalProgress9x.com
SignalProgress,qSignalProgressd5.com
SignalProgress,mSignalProgress8b.com
SignalProgress,oSignalProgressq4.com
SignalProgress,dSignalProgress6c.com
SignalProgress,jSignalProgressl7.com
SignalProgress,rSignalProgress8r.com
SignalProgress,iSignalProgressf5.com
SignalProgress,nSignalProgress2h.com
SignalProgress,xSignalProgressb6.com
SignalProgress,gSignalProgress7z.com
SignalProgress,iSignalProgressy8.com
SignalProgress,kSignalProgress2z.com
SignalProgress,aSignalProgressw6.com
SilverMailer,hSilverMailerp7.com
SilverMailer,eSilverMailerq2.com
SilverMailer,iSilverMailers4.com
SilverMailer,xSilverMailerl1.com
SilverMailer,dSilverMailerm3.com
SilverMailer,wSilverMaileru8.com
SilverMailer,tSilverMailerf5.com
SilverMailer,zSilverMailer6l.com
SilverMailer,rSilverMailer2m.com
SilverMailer,cSilverMailer4u.com
SilverMailer,ySilverMailer3f.com
SilverMailer,bSilverMailer8j.com
SilverMailer,nSilverMailer4g.com
SilverMailer,aSilverMailer5v.com
SmartRespond,fSmartRespond1t.com
SmartRespond,nSmartRespondl1.com
SmartRespond,zSmartRespond6w.com
SmartRespond,rSmartRespondc5.com
SmartRespond,dSmartRespond2a.com
SmartRespond,nSmartResponds3.com
SmartRespond,xSmartRespond2g.com
SmartRespond,sSmartRespondl9.com
SmartRespond,xSmartRespond5d.com
SmartRespond,iSmartRespondy7.com
SmartRespond,bSmartRespond7g.com
SmartRespond,kSmartResponds6.com
SmartRespond,gSmartRespond5q.com
SmartRespond,pSmartRespondm1.com
SolutionSilver,iSolutionSilver2o.com
SolutionSilver,aSolutionSilvery6.com
SolutionSilver,oSolutionSilver4x.com
SolutionSilver,dSolutionSilverj7.com
SolutionSilver,hSolutionSilver9f.com
SolutionSilver,bSolutionSilverp4.com
SolutionSilver,iSolutionSilver5w.com
SolutionSilver,wSolutionSilverq8.com
SolutionSilver,xSolutionSilver1b.com
SolutionSilver,hSolutionSilvers6.com
SolutionSilver,dSolutionSilver1p.com
SolutionSilver,uSolutionSilverg3.com
SolutionSilver,oSolutionSilver3y.com
SolutionSilver,dSolutionSilverc4.com
SovereignNetwork,cSovereignNetworkd2.com
SovereignNetwork,wSovereignNetworkn4.com
SovereignNetwork,uSovereignNetworkx4.com
SovereignNetwork,aSovereignNetworkv3.com
SovereignNetwork,pSovereignNetworkr7.com
SovereignNetwork,gSovereignNetworke6.com
SovereignNetwork,oSovereignNetworkq7.com
SovereignNetwork,mSovereignNetwork5v.com
SovereignNetwork,lSovereignNetwork5r.com
SovereignNetwork,tSovereignNetwork1e.com
SovereignNetwork,sSovereignNetwork8q.com
SovereignNetwork,iSovereignNetwork8j.com
SovereignNetwork,fSovereignNetwork2z.com
SovereignNetwork,ySovereignNetwork4b.com
SphereDomain,fSphereDomain6i.com
SphereDomain,iSphereDomaini5.com
SphereDomain,eSphereDomain8v.com
SphereDomain,mSphereDomainy3.com
SphereDomain,wSphereDomain9u.com
SphereDomain,pSphereDomaine8.com
SphereDomain,fSphereDomain2h.com
SphereDomain,rSphereDomainj6.com
SphereDomain,oSphereDomain5t.com
SphereDomain,uSphereDomainq9.com
SphereDomain,mSphereDomaini4.com
SphereDomain,sSphereDomain8y.com
SphereDomain,pSphereDomainu6.com
SphereDomain,aSphereDomain7o.com
SwooshNetwork,hSwooshNetwork1u.com
SwooshNetwork,vSwooshNetworka9.com
SwooshNetwork,hSwooshNetwork1g.com
SwooshNetwork,wSwooshNetworkm3.com
SwooshNetwork,zSwooshNetwork1e.com
SwooshNetwork,lSwooshNetworkz4.com
SwooshNetwork,nSwooshNetwork5k.com
SwooshNetwork,sSwooshNetworkr7.com
SwooshNetwork,jSwooshNetwork1d.com
SwooshNetwork,gSwooshNetworkx4.com
SwooshNetwork,hSwooshNetworke6.com
SwooshNetwork,iSwooshNetwork5g.com
SwooshNetwork,nSwooshNetworkg3.com
SwooshNetwork,tSwooshNetwork7n.com
SynergyBot,pSynergyBot1b.com
SynergyBot,wSynergyBotu2.com
SynergyBot,jSynergyBot1j.com
SynergyBot,xSynergyBotf9.com
SynergyBot,tSynergyBot7z.com
SynergyBot,rSynergyBoti9.com
SynergyBot,gSynergyBot7i.com
SynergyBot,oSynergyBotz9.com
SynergyBot,fSynergyBot2e.com
SynergyBot,oSynergyBotx5.com
SynergyBot,qSynergyBot9b.com
SynergyBot,uSynergyBotw1.com
SynergyBot,zSynergyBot9e.com
SynergyBot,pSynergyBoth7.com
ThoughtMailer,fThoughtMailerv2.com
ThoughtMailer,hThoughtMailerl2.com
ThoughtMailer,pThoughtMailern3.com
ThoughtMailer,cThoughtMailerz6.com
ThoughtMailer,eThoughtMailerw3.com
ThoughtMailer,qThoughtMailerb6.com
ThoughtMailer,mThoughtMailers4.com
ThoughtMailer,gThoughtMailer1z.com
ThoughtMailer,xThoughtMailer5w.com
ThoughtMailer,uThoughtMailer7b.com
ThoughtMailer,tThoughtMailer5s.com
ThoughtMailer,yThoughtMailer4o.com
ThoughtMailer,jThoughtMailer8a.com
ThoughtMailer,kThoughtMailer8d.com
ThunderNetworks,dThunderNetworksw5.com
ThunderNetworks,kThunderNetworks7i.com
ThunderNetworks,oThunderNetworkss3.com
ThunderNetworks,jThunderNetworks4k.com
ThunderNetworks,wThunderNetworksd4.com
ThunderNetworks,jThunderNetworkst2.com
ThunderNetworks,yThunderNetworks1x.com
ThunderNetworks,xThunderNetworksj5.com
ThunderNetworks,uThunderNetworks8u.com
ThunderNetworks,oThunderNetworksv7.com
ThunderNetworks,kThunderNetworks5q.com
ThunderNetworks,cThunderNetworkso8.com
ThunderNetworks,xThunderNetworks5x.com
ThunderNetworks,aThunderNetworksj2.com
TomorrowsVenue,oTomorrowsVenuex7.com
TomorrowsVenue,mTomorrowsVenuep1.com
TomorrowsVenue,cTomorrowsVenuel3.com
TomorrowsVenue,zTomorrowsVenueu4.com
TomorrowsVenue,gTomorrowsVenuea3.com
TomorrowsVenue,rTomorrowsVenuew7.com
TomorrowsVenue,jTomorrowsVenuev5.com
TomorrowsVenue,bTomorrowsVenue6u.com
TomorrowsVenue,qTomorrowsVenue2a.com
TomorrowsVenue,nTomorrowsVenue6w.com
TomorrowsVenue,yTomorrowsVenue2v.com
TomorrowsVenue,iTomorrowsVenue4t.com
TomorrowsVenue,fTomorrowsVenue8k.com
TomorrowsVenue,dTomorrowsVenue5h.com
Tonic,eTonicg9.com
Tonic,wTonic4z.com
Tonic,sTonics2.com
Tonic,kTonic7i.com
Tonic,kTonici5.com
Tonic,vTonic4r.com
Tonic,fTonici2.com
Tonic,bTonic1z.com
Tonic,yTonicg3.com
Tonic,kTonic4n.com
Tonic,kTonict3.com
Tonic,cTonic3d.com
Tonic,dTonicn3.com
Tonic,pTonic4i.com
TrailsSync,zTrailsSyncj4.com
TrailsSync,dTrailsSynci2.com
TrailsSync,qTrailsSyncu6.com
TrailsSync,rTrailsSyncg3.com
TrailsSync,eTrailsSyncw8.com
TrailsSync,nTrailsSyncq5.com
TrailsSync,tTrailsSyncz7.com
TrailsSync,kTrailsSync4p.com
TrailsSync,fTrailsSync2m.com
TrailsSync,aTrailsSync6h.com
TrailsSync,oTrailsSync3d.com
TrailsSync,yTrailsSync8x.com
TrailsSync,vTrailsSync5b.com
TrailsSync,lTrailsSync7c.com
TurfMedia,kTurfMedia1b.com
TurfMedia,pTurfMediak7.com
TurfMedia,dTurfMedia3l.com
TurfMedia,sTurfMediak1.com
TurfMedia,eTurfMedia2z.com
TurfMedia,xTurfMedian5.com
TurfMedia,oTurfMedia7k.com
TurfMedia,uTurfMediad2.com
TurfMedia,yTurfMedia8t.com
TurfMedia,wTurfMediav2.com
TurfMedia,lTurfMedia9j.com
TurfMedia,gTurfMediay6.com
TurfMedia,tTurfMedia7k.com
TurfMedia,zTurfMediag6.com
Vantage2U,kVantage2U3q.com
Vantage2U,gVantage2Ue9.com
Vantage2U,mVantage2U5j.com
Vantage2U,fVantage2Ua3.com
Vantage2U,kVantage2U8a.com
Vantage2U,pVantage2Uz5.com
Vantage2U,kVantage2U1p.com
Vantage2U,qVantage2Us2.com
Vantage2U,wVantage2U6w.com
Vantage2U,cVantage2Ug8.com
Vantage2U,uVantage2Ub1.com
Vantage2U,uVantage2U8e.com
Vantage2U,kVantage2Un6.com
Vantage2U,xVantage2U7w.com
VantageDomain,cVantageDomain2x.com
VantageDomain,pVantageDomainm9.com
VantageDomain,wVantageDomain3e.com
VantageDomain,nVantageDomaina2.com
VantageDomain,sVantageDomain6t.com
VantageDomain,rVantageDomainy5.com
VantageDomain,jVantageDomain5u.com
VantageDomain,uVantageDomaind1.com
VantageDomain,aVantageDomain9j.com
VantageDomain,mVantageDomaing8.com
VantageDomain,yVantageDomain6p.com
VantageDomain,fVantageDomaino4.com
VantageDomain,aVantageDomain3c.com
VantageDomain,xVantageDomaink7.com
VantageFind,sVantageFind3s.com
VantageFind,uVantageFindg4.com
VantageFind,jVantageFind4q.com
VantageFind,xVantageFindh9.com
VantageFind,rVantageFind2t.com
VantageFind,jVantageFinda3.com
VantageFind,qVantageFind2s.com
VantageFind,fVantageFindu2.com
VantageFind,rVantageFind2k.com
VantageFind,eVantageFindn1.com
VantageFind,tVantageFind4x.com
VantageFind,qVantageFinde6.com
VantageFind,sVantageFind7h.com
VantageFind,fVantageFindy6.com
VarietyLife,xVarietyLifes5.com
VarietyLife,zVarietyLifeo2.com
VarietyLife,nVarietyLifej3.com
VarietyLife,hVarietyLifei4.com
VarietyLife,lVarietyLifem7.com
VarietyLife,uVarietyLifev8.com
VarietyLife,cVarietyLifey3.com
VarietyLife,kVarietyLife6i.com
VarietyLife,tVarietyLife4m.com
VarietyLife,qVarietyLife2v.com
VarietyLife,gVarietyLife7y.com
VarietyLife,fVarietyLife1e.com
VarietyLife,wVarietyLife5r.com
VarietyLife,bVarietyLife7a.com
VeracityMarketing,sVeracityMarketing2o.com
VeracityMarketing,oVeracityMarketingg7.com
VeracityMarketing,yVeracityMarketing5r.com
VeracityMarketing,iVeracityMarketingv4.com
VeracityMarketing,zVeracityMarketing8x.com
VeracityMarketing,vVeracityMarketinge4.com
VeracityMarketing,zVeracityMarketing9m.com
VeracityMarketing,oVeracityMarketingj1.com
VeracityMarketing,yVeracityMarketing7o.com
VeracityMarketing,zVeracityMarketingp2.com
VeracityMarketing,iVeracityMarketingr8.com
VeracityMarketing,qVeracityMarketing6n.com
VeracityMarketing,cVeracityMarketingu7.com
VeracityMarketing,yVeracityMarketing3y.com
VibrantWorkz,cVibrantWorkzw1.com
VibrantWorkz,bVibrantWorkzs4.com
VibrantWorkz,zVibrantWorkzy5.com
VibrantWorkz,qVibrantWorkzo2.com
VibrantWorkz,vVibrantWorkzt7.com
VibrantWorkz,iVibrantWorkzk2.com
VibrantWorkz,fVibrantWorkzg8.com
VibrantWorkz,mVibrantWorkz4o.com
VibrantWorkz,lVibrantWorkz7t.com
VibrantWorkz,hVibrantWorkz6k.com
VibrantWorkz,pVibrantWorkz8g.com
VibrantWorkz,aVibrantWorkz6x.com
VibrantWorkz,uVibrantWorkz3d.com
VibrantWorkz,rVibrantWorkz5e.com
WavesNavigator,dWavesNavigator7s.com
WavesNavigator,lWavesNavigatorh1.com
WavesNavigator,bWavesNavigator8x.com
WavesNavigator,aWavesNavigatord4.com
WavesNavigator,rWavesNavigator7w.com
WavesNavigator,aWavesNavigatore2.com
WavesNavigator,kWavesNavigator4z.com
WavesNavigator,rWavesNavigatorh2.com
WavesNavigator,dWavesNavigator8t.com
WavesNavigator,sWavesNavigatorz8.com
WavesNavigator,pWavesNavigator9g.com
WavesNavigator,wWavesNavigatorq8.com
WavesNavigator,qWavesNavigator9b.com
WavesNavigator,jWavesNavigatorz4.com
WinQuests,eWatchLanes9l.com
WinQuests,pWatchLanesf4.com
WinQuests,qWatchLanes6q.com
WinQuests,rWatchLanesk7.com
WinQuests,eWatchLanes9b.com
WinQuests,tWatchLanest3.com
WinQuests,xWatchLanes8r.com
WinQuests,vWatchLanesp9.com
WinQuests,oWatchLanes5u.com
WinQuests,dWatchLanesi2.com
WinQuests,hWatchLanesj2.com
WinQuests,iWatchLanes2a.com
WinQuests,zWatchLanesm1.com
WinQuests,pWatchLanes7i.com
WinQuests,nWinQuestsw2.com
WinQuests,kWinQuests9c.com
WinQuests,fWinQuestsp4.com
WinQuests,eWinQuests8l.com
WinQuests,iWinQuestst5.com
WinQuests,hWinQuestsz2.com
WinQuests,rWinQuests9i.com
WinQuests,lWinQuestsg4.com
WinQuests,mWinQuests8e.com
WinQuests,xWinQuestsg4.com
WinQuests,yWinQuests3u.com
WinQuests,hWinQuestsl6.com
WinQuests,yWinQuests1t.com
WinQuests,fWinQuestsf1.com
WiredWire,vWiredWire9q.com
WiredWire,oWiredWirew8.com
WiredWire,nWiredWire2b.com
WiredWire,oWiredWireb7.com
WiredWire,yWiredWire6h.com
WiredWire,jWiredWireq8.com
WiredWire,wWiredWire5o.com
WiredWire,lWiredWiree4.com
WiredWire,aWiredWire9v.com
WiredWire,mWiredWirep3.com
WiredWire,nWiredWire5b.com
WiredWire,jWiredWirea1.com
WiredWire,fWiredWire2p.com
WiredWire,yWiredWirek3.com
WithinTheReach,fWithinTheReach4o.com
WithinTheReach,tWithinTheReachv8.com
WithinTheReach,uWithinTheReach2j.com
WithinTheReach,dWithinTheReacha5.com
WithinTheReach,uWithinTheReach8v.com
WithinTheReach,yWithinTheReachv6.com
WithinTheReach,tWithinTheReach5d.com
WithinTheReach,lWithinTheReachy8.com
WithinTheReach,lWithinTheReach6t.com
WithinTheReach,iWithinTheReachf9.com
WithinTheReach,cWithinTheReach5k.com
WithinTheReach,oWithinTheReachc2.com
WithinTheReach,xWithinTheReach6p.com
WithinTheReach,uWithinTheReachk3.com
WizardClick,fWizardClick3y.com
WizardClick,pWizardClickd1.com
WizardClick,eWizardClick2q.com
WizardClick,bWizardClickx9.com
WizardClick,cWizardClick4y.com
WizardClick,nWizardClickq2.com
WizardClick,rWizardClick2n.com
WizardClick,iWizardClicko1.com
WizardClick,tWizardClick4b.com
WizardClick,uWizardClickv2.com
WizardClick,vWizardClick9o.com
WizardClick,bWizardClicke9.com
WizardClick,mWizardClick9z.com
WizardClick,kWizardClickf6.com
WizardSync,bWizardSyncu1.com
WizardSync,wWizardSync9g.com
WizardSync,uWizardSyncu5.com
WizardSync,sWizardSync5j.com
WizardSync,sWizardSynci6.com
WizardSync,zWizardSync2f.com
WizardSync,aWizardSyncq9.com
WizardSync,lWizardSync3t.com
WizardSync,iWizardSyncx1.com
WizardSync,aWizardSync4r.com
WizardSync,zWizardSyncc3.com
WizardSync,lWizardSync8s.com
WizardSync,dWizardSyncn9.com
WizardSync,kWizardSync7t.com
WonderInternet,vWonderInternetb9.com
WonderInternet,kWonderInternet7b.com
WonderInternet,gWonderInternetn4.com
WonderInternet,fWonderInternet4y.com
WonderInternet,bWonderInternetn2.com
WonderInternet,lWonderInterneti2.com
WonderInternet,xWonderInternet5p.com
WonderInternet,zWonderInterneta5.com
WonderInternet,tWonderInternet3l.com
WonderInternet,bWonderInternetq7.com
WonderInternet,kWonderInternet2r.com
WonderInternet,sWonderInternety5.com
WonderInternet,nWonderInternet7h.com
WonderInternet,tWonderInternetx2.com
